[
    {
        "_id": "1dec8aa8-4c62-463d-b477-d314d32624a1",
        "username": "Mognes",
        "profile": "filename.png"
    },
    {
        "_id": "67c98940-7baa-4ae1-b021-0640c35ae78c",
        "username": "Anders",
        "profile": "filename.png"
    },
    {
        "_id": "12bb2333-bb17-4a32-8333-2463301f8b3d",
        "username": "Dennis",
        "profile": "filename.png"
    },
    {
        "_id": "d7faeeab-6cba-44d9-bb51-41374b38a64c",
        "username": "AndersHansen",
        "profile": "filename.png"
    }
]