[{"_id":"32083a67-d094-47f4-b9f0-c8a50d586066","username":"dsfdsfsd","profile":"filename.png"},{"_id":"68f4b5b1-2861-4aca-b588-be4e61ed87f7","username":"sdfsdfdsfdsfsdf","profile":"filename.png"},{"_id":"8277f321-9f18-4596-a5c6-0b21a00767b5","username":"Dennis","profile":"filename.png"},{"_id":"88b4eabb-ecea-4fa9-8d3c-631826de985a","username":"Hanne","profile":"filename.png"},{"_id":"d4ca56e9-6e94-49bd-8fc4-de46fb084bc6","username":"TEST","profile":"filename.png"},{"_id":"99e6d8c7-b22e-4bb9-8aa0-0644b89eaa2c","username":"sadasd","profile":"filename.png"}]